id,CODE,KEY,EN Phrase Formula,EN,FR,
1,"""common.btn.logOut"": ""Logout"",",common.btn.logOut, Logout, Logout, Logout,
2,"""common.btn.new"": ""+ New"",",common.btn.new, + New, + New, + New,
3,"""common.btn.modify"": ""Edit"",",common.btn.modify, Edit, Edit, Edit,
4,"""common.btn.modify.lower"": ""edit"",",common.btn.modify.lower, edit, edit, edit,
5,"""common.btn.save"": ""Save"",",common.btn.save, Save, Save, Save,
6,"""common.btn.cancel"": ""Cancel"",",common.btn.cancel, Cancel, Cancel, Cancel,
7,"""common.btn.upload"": ""Upload"",",common.btn.upload, Upload, Upload, Upload,
8,"""common.btn.add.field"": ""Add field"",",common.btn.add.field, Add field, Add field, Add field,
9,"""common.btn.duplicate"": ""Duplicate"",",common.btn.duplicate, Duplicate, Duplicate, Duplicate,
10,"""common.title.create"": ""Create"",",common.title.create, Create, Create, Create,
11,"""common.title.delete"": ""Delete"",",common.title.delete, Delete, Delete, Delete,
12,"""common.title.view"": ""View"",",common.title.view, View, View, View,
13,"""common.copyright"": ""Created by EVOHOM"",",common.copyright, Created by EVOHOM, Created by EVOHOM, Created by EVOHOM,
14,"""common.validation.required"": ""Field is required"",",common.validation.required, Field is required, Field is required, Field is required,
15,"""common.label.source"": ""Source"",",common.label.source, Source, Source, Source,
16,"""common.label.target"": ""Target"",",common.label.target, Target, Target, Target,
17,"""common.error.internalServerError"": ""System internal error!"",",common.error.internalServerError, System internal error!, System internal error!, System internal error!,
18,"""common.delete.confirm.message"": ""Are you sure to delete this item?"",",common.delete.confirm.message, Are you sure to delete this item?, Are you sure to delete this item?, Are you sure to delete this item?,
19,"""common.confirm.btn.yes"": ""Yes"",",common.confirm.btn.yes, Yes, Yes, Yes,
20,"""common.confirm.btn.cancel"": ""No"",",common.confirm.btn.cancel, No, No, No,
21,"""common.goods.placeholder"": ""Select"",",common.goods.placeholder, Select, Select, Select,
22,"""common.modal.confirm"": ""Confirm"",",common.modal.confirm, Confirm, Confirm, Confirm,
23,"""common.modal.confirm.ok"": ""Ok"",",common.modal.confirm.ok, Ok, Ok, Ok,
24,"""common.modal.confirm.cancel"": ""Cancel"",",common.modal.confirm.cancel, Cancel, Cancel, Cancel,
25,"""common.filters.isActive"": ""Active"",",common.filters.isActive, Active, Active, Active,
26,"""common.filters.nonActive"": ""Inactive"",",common.filters.nonActive, Inactive, Inactive, Inactive,
27,"""common.return.btn"": ""Return"",",common.return.btn, Return, Return, Return,
28,"""common.no.data"": ""No data"",",common.no.data, No data, No data, No data,
29,"""login.page.btn"": ""Login"",",login.page.btn, Login, Login, Login,
30,"""login.page.username.placeholder"": ""Username"",",login.page.username.placeholder, Username, Username, Username,
31,"""login.page.username.validation"": ""Please input your username!"",",login.page.username.validation, Please input your username!, Please input your username!, Please input your username!,
32,"""login.page.password.placeholder"": ""Password"",",login.page.password.placeholder, Password, Password, Password,
33,"""login.page.password.validation"": ""Please input your password!"",",login.page.password.validation, Please input your password!, Please input your password!, Please input your password!,
34,"""login.page.notification.warning"": ""Warning"",",login.page.notification.warning, Warning, Warning, Warning,
35,"""login.page.notification.serverError"": ""Internal server error!"",",login.page.notification.serverError, Internal server error!, Internal server error!, Internal server error!,
36,"""login.page.notification.tokenExpired"": ""Token expired!"",",login.page.notification.tokenExpired, Token expired!, Token expired!, Token expired!,
37,"""change.password.btn"": ""Change password"",",change.password.btn, Change password, Change password, Change password,
38,"""change.password.newPassword.placeholder"": ""New password"",",change.password.newPassword.placeholder, New password, New password, New password,
39,"""change.password.newPassword.validation"": ""Please input your password!"",",change.password.newPassword.validation, Please input your password!, Please input your password!, Please input your password!,
40,"""change.password.confirmNewPassword.placeholder"": ""Confirm new password"",",change.password.confirmNewPassword.placeholder, Confirm new password, Confirm new password, Confirm new password,
41,"""change.password.confirmNewPassword.validation"": ""Please input your password!"",",change.password.confirmNewPassword.validation, Please input your password!, Please input your password!, Please input your password!,
42,"""change.password.invalid"": ""Password is invalid!"",",change.password.invalid, Password is invalid!, Password is invalid!, Password is invalid!,
43,"""projects.title"": ""List of projects"",",projects.title, List of projects, List of projects, List of projects,
44,"""projects.bread.root"": ""Projects"",",projects.bread.root, Projects, Projects, Projects,
45,"""projects.table.columns.name"": ""Name"",",projects.table.columns.name, Name, Name, Name,
46,"""projects.table.columns.title"": ""Title"",",projects.table.columns.title, Title, Title, Title,
47,"""projects.table.columns.createdDate"": ""Created Date"",",projects.table.columns.createdDate, Created Date, Created Date, Created Date,
48,"""projects.table.columns.updatedDate"": ""Updated Date"",",projects.table.columns.updatedDate, Updated Date, Updated Date, Updated Date,
49,"""projects.table.columns.action"": ""Action"",",projects.table.columns.action, Action, Action, Action,
50,"""projects.create.title.create"": ""Create project"",",projects.create.title.create, Create project, Create project, Create project,
51,"""projects.create.title.update"": ""Update project"",",projects.create.title.update, Update project, Update project, Update project,
52,"""projects.create.logo"": ""Logo"",",projects.create.logo, Logo, Logo, Logo,
53,"""projects.create.logo.mimetype.error"": ""You can only upload JPG/PNG file!"",",projects.create.logo.mimetype.error, You can only upload JPG/PNG file!, You can only upload JPG/PNG file!, You can only upload JPG/PNG file!,
54,"""projects.create.logo.fileSize.error"": ""Image must smaller than 2MB!"",",projects.create.logo.fileSize.error, Image must smaller than 2MB!, Image must smaller than 2MB!, Image must smaller than 2MB!,
55,"""projects.create.name"": ""Name"",",projects.create.name, Name, Name, Name,
56,"""projects.create.name.validation"": ""Please input project name"",",projects.create.name.validation, Please input project name, Please input project name, Please input project name,
57,"""projects.create.title"": ""Title"",",projects.create.title, Title, Title, Title,
58,"""projects.create.title.validation"": ""Please input project title"",",projects.create.title.validation, Please input project title, Please input project title, Please input project title,
59,"""projects.create.code"": ""External email service code"",",projects.create.code, External email service code, External email service code, External email service code,
60,"""projects.create.source"": ""External email service source code"",",projects.create.source, External email service source code, External email service source code, External email service source code,
61,"""projects.create.copy.success"": ""The API key was copied"",",projects.create.copy.success, The API key was copied, The API key was copied, The API key was copied,
62,"""projects.create.users.title"": ""Users"",",projects.create.users.title, Users, Users, Users,
63,"""projects.create.users.media"": ""Media"",",projects.create.users.media, Media, Media, Media,
64,"""projects.create.file"": ""Image or 3D file"",",projects.create.file, Image or 3D file, Image or 3D file, Image or 3D file,
65,"""projects.create.code.validation"": ""Please input external email service code"",",projects.create.code.validation, Please input external email service code, Please input external email service code, Please input external email service code,
66,"""projects.create.source.validation"": ""Please select external email service source code"",",projects.create.source.validation, Please select external email service source code, Please select external email service source code, Please select external email service source code,
67,"""properties.title"": ""List of properties"",",properties.title, List of properties, List of properties, List of properties,
68,"""properties.bread.root"": ""Properties"",",properties.bread.root, Properties, Properties, Properties,
69,"""properties.table.columns.title"": ""Title"",",properties.table.columns.title, Title, Title, Title,
70,"""properties.table.columns.type"": ""Type"",",properties.table.columns.type, Type, Type, Type,
71,"""properties.table.columns.status"": ""Status"",",properties.table.columns.status, Status, Status, Status,
72,"""properties.table.columns.typology"": ""Typology"",",properties.table.columns.typology, Typology, Typology, Typology,
73,"""properties.table.columns.action"": ""Action"",",properties.table.columns.action, Action, Action, Action,
74,"""properties.create.items.title"": ""Title"",",properties.create.items.title, Title, Title, Title,
75,"""properties.create.items.status"": ""Status"",",properties.create.items.status, Status, Status, Status,
76,"""properties.create.items.type"": ""Type"",",properties.create.items.type, Type, Type, Type,
77,"""properties.create.items.goods"": ""Parent"",",properties.create.items.goods, Parent, Parent, Parent,
78,"""properties.create.items.goods.placeholder"": ""Select"",",properties.create.items.goods.placeholder, Select, Select, Select,
79,"""properties.create.items.neighbors"": ""Neighbors"",",properties.create.items.neighbors, Neighbors, Neighbors, Neighbors,
80,"""properties.create.items.floorPlan"": ""Floor plan"",",properties.create.items.floorPlan, Floor plan, Floor plan, Floor plan,
81,"""properties.create.items.typologies"": ""Typology"",",properties.create.items.typologies, Typology, Typology, Typology,
82,"""properties.create.items.projects"": ""Project"",",properties.create.items.projects, Project, Project, Project,
83,"""properties.create.items.addDomain"": ""Add a domain"",",properties.create.items.addDomain, Add a domain, Add a domain, Add a domain,
84,"""properties.create.items.addDomain.placeholder"": ""Select a field"",",properties.create.items.addDomain.placeholder, Select a field, Select a field, Select a field,
85,"""properties.create.items.addContactDetails"": ""Add coordinates details"",",properties.create.items.addContactDetails, Add coordinates details, Add coordinates details, Add coordinates details,
86,"""properties.create.items.addContactDetails.cut"": ""Size"",",properties.create.items.addContactDetails.cut, Size, Size, Size,
87,"""properties.create.items.addContactDetails.information"": ""Coordinates details"",",properties.create.items.addContactDetails.information, Coordinates details, Coordinates details, Coordinates details,
88,"""properties.create.items.addContactDetails.validation"": ""Please enter coordinates details"",",properties.create.items.addContactDetails.validation, Please enter coordinates details, Please enter coordinates details, Please enter coordinates details,
89,"""properties.create.items.addField"": ""Add field"",",properties.create.items.addField, Add field, Add field, Add field,
90,"""properties.placeholder.change.property"": ""Property"",",properties.placeholder.change.property, Property, Property, Property,
91,"""properties.label.change.property"": ""Select property"",",properties.label.change.property, Select property, Select property, Select property,
92,"""users.title"": ""Users list"",",users.title, Users list, Users list, Users list,
93,"""users.bread.root"": ""Users"",",users.bread.root, Users, Users, Users,
94,"""users.table.columns.email"": ""Email"",",users.table.columns.email, Email, Email, Email,
95,"""users.table.columns.login"": ""Login"",",users.table.columns.login, Login, Login, Login,
96,"""users.table.columns.name"": ""Name"",",users.table.columns.name, Name, Name, Name,
97,"""users.table.columns.lockedDate"": ""Locked"",",users.table.columns.lockedDate, Locked, Locked, Locked,
98,"""users.table.columns.isPasswordExpired"": ""Password expired"",",users.table.columns.isPasswordExpired, Password expired, Password expired, Password expired,
99,"""users.table.columns.isActive"": ""Is active"",",users.table.columns.isActive, Is active, Is active, Is active,
100,"""users.table.columns.lastLoginDate"": ""Last login date"",",users.table.columns.lastLoginDate, Last login date, Last login date, Last login date,
101,"""users.table.columns.action"": ""Action"",",users.table.columns.action, Action, Action, Action,
102,"""users.create.title.create"": ""Create user"",",users.create.title.create, Create user, Create user, Create user,
103,"""users.create.title.update"": ""Edit user"",",users.create.title.update, Edit user, Edit user, Edit user,
104,"""users.create.card.user.title"": ""User information"",",users.create.card.user.title, User information, User information, User information,
105,"""users.create.card.user.image"": ""Image"",",users.create.card.user.image, Image, Image, Image,
106,"""users.create.card.user.login"": ""Login"",",users.create.card.user.login, Login, Login, Login,
107,"""users.create.card.user.firstName"": ""Name"",",users.create.card.user.firstName, Name, Name, Name,
108,"""users.create.card.user.lastName"": ""Last name"",",users.create.card.user.lastName, Last name, Last name, Last name,
109,"""users.create.card.user.phone"": ""Cell phone"",",users.create.card.user.phone, Cell phone, Cell phone, Cell phone,
110,"""users.create.card.user.email"": ""E-mail"",",users.create.card.user.email, E-mail, E-mail, E-mail,
111,"""users.create.card.user.bookingLink"": ""Booking link"",",users.create.card.user.bookingLink, Booking link, Booking link, Booking link,
112,"""users.create.card.user.technicalPassword"": ""Technical password"",",users.create.card.user.technicalPassword, Technical password, Technical password, Technical password,
113,"""users.create.card.user.projects"": ""Choose projects"",",users.create.card.user.projects, Choose projects, Choose projects, Choose projects,
114,"""users.create.card.user.projects.placeholder"": ""Please select projects"",",users.create.card.user.projects.placeholder, Please select projects, Please select projects, Please select projects,
115,"""users.create.card.roles.title"": ""Roles"",",users.create.card.roles.title, Roles, Roles, Roles,
116,"""roles.title"": ""List of roles"",",roles.title, List of roles, List of roles, List of roles,
117,"""roles.bread.root"": ""Roles"",",roles.bread.root, Roles, Roles, Roles,
118,"""roles.table.columns.name"": ""Name"",",roles.table.columns.name, Name, Name, Name,
119,"""roles.table.columns.description"": ""Description"",",roles.table.columns.description, Description, Description, Description,
120,"""roles.table.columns.menuFunctions"": ""Functions"",",roles.table.columns.menuFunctions, Functions, Functions, Functions,
121,"""roles.table.columns.action"": ""Action"",",roles.table.columns.action, Action, Action, Action,
122,"""roles.create.title.create"": ""Create a role"",",roles.create.title.create, Create a role, Create a role, Create a role,
123,"""roles.create.title.update"": ""Edit role"",",roles.create.title.update, Edit role, Edit role, Edit role,
124,"""roles.create.card.role.title"": ""Role information"",",roles.create.card.role.title, Role information, Role information, Role information,
125,"""roles.create.card.role.name"": ""Name"",",roles.create.card.role.name, Name, Name, Name,
126,"""roles.create.card.role.name.validation"": ""Please enter the role name!"",",roles.create.card.role.name.validation, Please enter the role name!, Please enter the role name!, Please enter the role name!,
127,"""roles.create.card.role.description"": ""Description"",",roles.create.card.role.description, Description, Description, Description,
128,"""roles.create.card.role.description.validation"": ""Please enter the role description!"",",roles.create.card.role.description.validation, Please enter the role description!, Please enter the role description!, Please enter the role description!,
129,"""roles.create.card.role.menuFunctions"": ""Menu functions"",",roles.create.card.role.menuFunctions, Menu functions, Menu functions, Menu functions,
130,"""roles.create.card.role.menuFunctions.placeholder"": ""Please select menu functions"",",roles.create.card.role.menuFunctions.placeholder, Please select menu functions, Please select menu functions, Please select menu functions,
131,"""roles.create.card.role.users"": ""Users"",",roles.create.card.role.users, Users, Users, Users,
132,"""roles.create.card.params.title"": ""Parameters"",",roles.create.card.params.title, Parameters, Parameters, Parameters,
133,"""roles.create.card.params.add"": ""Add an parameters"",",roles.create.card.params.add, Add an parameters, Add an parameters, Add an parameters,
134,"""roles.create.card.params.placeholder"": ""Select an option"",",roles.create.card.params.placeholder, Select an option, Select an option, Select an option,
135,"""typology.title"": ""List of typologies"",",typology.title, List of typologies, List of typologies, List of typologies,
136,"""typology.bread.root"": ""Typologies"",",typology.bread.root, Typologies, Typologies, Typologies,
137,"""typology.table.columns.title"": ""Title"",",typology.table.columns.title, Title, Title, Title,
138,"""typology.table.columns.levelsCount"": ""Levels count"",",typology.table.columns.levelsCount, Levels count, Levels count, Levels count,
139,"""typology.table.columns.action"": ""Action"",",typology.table.columns.action, Action, Action, Action,
140,"""typology.create.title.create"": ""Create typology"",",typology.create.title.create, Create typology, Create typology, Create typology,
141,"""typology.create.title.update"": ""Edit typology"",",typology.create.title.update, Edit typology, Edit typology, Edit typology,
142,"""typology.create.card.typology.title"": ""Title"",",typology.create.card.typology.title, Title, Title, Title,
143,"""typology.create.card.typology.title.validation"": ""Please enter the typology title!"",",typology.create.card.typology.title.validation, Please enter the typology title!, Please enter the typology title!, Please enter the typology title!,
144,"""typology.create.card.typology.label"": ""Typology information"",",typology.create.card.typology.label, Typology information, Typology information, Typology information,
145,"""typology.create.card.levels.title"": ""Typology levels"",",typology.create.card.levels.title, Typology levels, Typology levels, Typology levels,
146,"""typology.create.notification.create"": ""Typology has been created"",",typology.create.notification.create, Typology has been created, Typology has been created, Typology has been created,
147,"""typology.create.notification.update"": ""Typology has been updated"",",typology.create.notification.update, Typology has been updated, Typology has been updated, Typology has been updated,
148,"""typology.create.object3D"": ""3D file"",",typology.create.object3D, 3D file, 3D file, 3D file,
149,"""typology.create.babylonCode"": ""Babylon code"",",typology.create.babylonCode, Babylon code, Babylon code, Babylon code,
150,"""typology.create.babylonParams"": ""Babylon params"",",typology.create.babylonParams, Babylon params, Babylon params, Babylon params,
151,"""typology.not.delete.message"": ""Can't delete typology! Because node has child levels"",",typology.not.delete.message, Can't delete typology! Because node has child levels, Can't delete typology! Because node has child levels, Can't delete typology! Because node has child levels,
152,"""level.table.columns.name"": ""Name"",",level.table.columns.name, Name, Name, Name,
153,"""level.table.columns.title"": ""Title"",",level.table.columns.title, Title, Title, Title,
154,"""level.table.columns.level"": ""Level"",",level.table.columns.level, Level, Level, Level,
155,"""level.table.columns.isDefault"": ""Is default"",",level.table.columns.isDefault, Is default, Is default, Is default,
156,"""level.create.title.create"": ""Create typology level"",",level.create.title.create, Create typology level, Create typology level, Create typology level,
157,"""level.create.title.update"": ""Edit typology level"",",level.create.title.update, Edit typology level, Edit typology level, Edit typology level,
158,"""level.create.card.level.label"": ""Level information"",",level.create.card.level.label, Level information, Level information, Level information,
159,"""level.create.card.variants.title"": ""Level variants"",",level.create.card.variants.title, Level variants, Level variants, Level variants,
160,"""level.create.card.level.name"": ""Name"",",level.create.card.level.name, Name, Name, Name,
161,"""level.create.card.level.name.validation"": ""Please enter the level name!"",",level.create.card.level.name.validation, Please enter the level name!, Please enter the level name!, Please enter the level name!,
162,"""level.create.card.level.title"": ""Title"",",level.create.card.level.title, Title, Title, Title,
163,"""level.create.card.level.title.validation"": ""Please enter the level title!"",",level.create.card.level.title.validation, Please enter the level title!, Please enter the level title!, Please enter the level title!,
164,"""level.create.card.level.level"": ""Level"",",level.create.card.level.level, Level, Level, Level,
165,"""level.create.card.level.level.validation"": ""Please enter the level number!"",",level.create.card.level.level.validation, Please enter the level number!, Please enter the level number!, Please enter the level number!,
166,"""level.create.card.level.isDefault.label"": ""Default"",",level.create.card.level.isDefault.label, Default, Default, Default,
167,"""level.create.card.level.isDefault.value"": ""Is default"",",level.create.card.level.isDefault.value, Is default, Is default, Is default,
168,"""level.create.babylonCode"": ""Babylon code"",",level.create.babylonCode, Babylon code, Babylon code, Babylon code,
169,"""level.create.babylonParams"": ""Babylon params"",",level.create.babylonParams, Babylon params, Babylon params, Babylon params,
170,"""level.create.notification.create"": ""Level has been created"",",level.create.notification.create, Level has been created, Level has been created, Level has been created,
171,"""level.create.notification.update"": ""Level has been updated"",",level.create.notification.update, Level has been updated, Level has been updated, Level has been updated,
172,"""level.not.delete.message"": ""Can't delete level! Because node has child variants"",",level.not.delete.message, Can't delete level! Because node has child variants, Can't delete level! Because node has child variants, Can't delete level! Because node has child variants,
173,"""variant.table.columns.title"": ""Title"",",variant.table.columns.title, Title, Title, Title,
174,"""variant.table.columns.name"": ""Name"",",variant.table.columns.name, Name, Name, Name,
175,"""variant.table.columns.description"": ""Description"",",variant.table.columns.description, Description, Description, Description,
176,"""variant.table.columns.rooms"": ""Rooms"",",variant.table.columns.rooms, Rooms, Rooms, Rooms,
177,"""variant.table.columns.isActive"": ""Active"",",variant.table.columns.isActive, Active, Active, Active,
178,"""variant.table.columns.isDefault"": ""Default"",",variant.table.columns.isDefault, Default, Default, Default,
179,"""variant.table.columns.babylonId"": ""Babylon ID"",",variant.table.columns.babylonId, Babylon ID, Babylon ID, Babylon ID,
180,"""variant.table.columns.action"": ""Action"",",variant.table.columns.action, Action, Action, Action,
181,"""variant.create.title.create"": ""Create level variant"",",variant.create.title.create, Create level variant, Create level variant, Create level variant,
182,"""variant.create.title.update"": ""Edit level variant"",",variant.create.title.update, Edit level variant, Edit level variant, Edit level variant,
183,"""variant.create.title"": ""Title"",",variant.create.title, Title, Title, Title,
184,"""variant.create.title.validation"": ""Please enter the variant title!"",",variant.create.title.validation, Please enter the variant title!, Please enter the variant title!, Please enter the variant title!,
185,"""variant.create.name"": ""Name"",",variant.create.name, Name, Name, Name,
186,"""variant.create.name.validation"": ""Please enter the variant name!"",",variant.create.name.validation, Please enter the variant name!, Please enter the variant name!, Please enter the variant name!,
187,"""variant.create.description"": ""Description"",",variant.create.description, Description, Description, Description,
188,"""variant.create.description.validation"": ""Please enter the variant description!"",",variant.create.description.validation, Please enter the variant description!, Please enter the variant description!, Please enter the variant description!,
189,"""variant.create.rooms"": ""Rooms"",",variant.create.rooms, Rooms, Rooms, Rooms,
190,"""variant.create.allSurface"": ""All surface"",",variant.create.allSurface, All surface, All surface, All surface,
191,"""variant.create.babylonCode"": ""Babylon code"",",variant.create.babylonCode, Babylon code, Babylon code, Babylon code,
192,"""variant.create.babylonParams"": ""Babylon params"",",variant.create.babylonParams, Babylon params, Babylon params, Babylon params,
193,"""variant.create.isActive.label"": ""Active"",",variant.create.isActive.label, Active, Active, Active,
194,"""variant.create.isActive.value"": ""is active"",",variant.create.isActive.value, is active, is active, is active,
195,"""variant.create.isDefault.label"": ""Default"",",variant.create.isDefault.label, Default, Default, Default,
196,"""variant.create.isDefault.value"": ""is default"",",variant.create.isDefault.value, is default, is default, is default,
197,"""variant.create.notification.create"": ""Variant has been created"",",variant.create.notification.create, Variant has been created, Variant has been created, Variant has been created,
198,"""variant.create.notification.update"": ""Variant has been updated"",",variant.create.notification.update, Variant has been updated, Variant has been updated, Variant has been updated,
199,"""variant.create.floorPlanImg"": ""Floor plan image"",",variant.create.floorPlanImg, Floor plan image, Floor plan image, Floor plan image,
200,"""variant.create.shortFloorPlanImg"": ""Short floor plan image"",",variant.create.shortFloorPlanImg, Short floor plan image, Short floor plan image, Short floor plan image,
201,"""variant.title"": ""List of Variants"",",variant.title, List of Variants, List of Variants, List of Variants,
202,"""variant.not.delete.message"": ""Can't delete variant! Because node has child spaces"",",variant.not.delete.message, Can't delete variant! Because node has child spaces, Can't delete variant! Because node has child spaces, Can't delete variant! Because node has child spaces,
203,"""space.create.name"": ""Name"",",space.create.name, Name, Name, Name,
204,"""space.create.name.validation"": ""Please enter the space name!"",",space.create.name.validation, Please enter the space name!, Please enter the space name!, Please enter the space name!,
205,"""space.create.title"": ""Title"",",space.create.title, Title, Title, Title,
206,"""space.create.title.validation"": ""Please enter the space title!"",",space.create.title.validation, Please enter the space title!, Please enter the space title!, Please enter the space title!,
207,"""space.create.surface"": ""Surface"",",space.create.surface, Surface, Surface, Surface,
208,"""space.create.types"": ""Type"",",space.create.types, Type, Type, Type,
209,"""space.create.types.validation"": ""Please select the space type!"",",space.create.types.validation, Please select the space type!, Please select the space type!, Please select the space type!,
210,"""space.create.babylonCode"": ""Babylon code"",",space.create.babylonCode, Babylon code, Babylon code, Babylon code,
211,"""space.create.babylonParams"": ""Babylon params"",",space.create.babylonParams, Babylon params, Babylon params, Babylon params,
212,"""space.create.notification.create"": ""Space has been created"",",space.create.notification.create, Space has been created, Space has been created, Space has been created,
213,"""space.create.notification.update"": ""Space has been updated"",",space.create.notification.update, Space has been updated, Space has been updated, Space has been updated,
214,"""space.not.delete.message"": ""Can't delete space! Because node has child objects"",",space.not.delete.message, Can't delete space! Because node has child objects, Can't delete space! Because node has child objects, Can't delete space! Because node has child objects,
215,"""space.object.create.name"": ""Name"",",space.object.create.name, Name, Name, Name,
216,"""space.object.create.name.validation"": ""Please enter the space object name!"",",space.object.create.name.validation, Please enter the space object name!, Please enter the space object name!, Please enter the space object name!,
217,"""space.object.create.title"": ""Title"",",space.object.create.title, Title, Title, Title,
218,"""space.object.create.title.validation"": ""Please enter the space object title!"",",space.object.create.title.validation, Please enter the space object title!, Please enter the space object title!, Please enter the space object title!,
219,"""space.object.create.types"": ""Type"",",space.object.create.types, Type, Type, Type,
220,"""space.object.create.babylonCode"": ""Babylon code"",",space.object.create.babylonCode, Babylon code, Babylon code, Babylon code,
221,"""space.object.create.babylonParams"": ""Babylon params"",",space.object.create.babylonParams, Babylon params, Babylon params, Babylon params,
222,"""space.object.create.isActive.label"": ""Active"",",space.object.create.isActive.label, Active, Active, Active,
223,"""space.object.create.isActive.value"": ""is active"",",space.object.create.isActive.value, is active, is active, is active,
224,"""space.object.create.isDefault.label"": ""Default"",",space.object.create.isDefault.label, Default, Default, Default,
225,"""space.object.create.isDefault.value"": ""is default"",",space.object.create.isDefault.value, is default, is default, is default,
226,"""space.object.create.notification.create"": ""Space object has been created"",",space.object.create.notification.create, Space object has been created, Space object has been created, Space object has been created,
227,"""space.object.create.notification.update"": ""Space object has been updated"",",space.object.create.notification.update, Space object has been updated, Space object has been updated, Space object has been updated,
228,"""space.object.create.basic.tab.title"": ""Info"",",space.object.create.basic.tab.title, Info, Info, Info,
229,"""space.object.create.option.tab.title"": ""Options"",",space.object.create.option.tab.title, Options, Options, Options,
230,"""space.option.table.columns.name"": ""Name"",",space.option.table.columns.name, Name, Name, Name,
231,"""space.option.table.columns.isActive"": ""Active"",",space.option.table.columns.isActive, Active, Active, Active,
232,"""space.option.table.columns.isDefault"": ""Default"",",space.option.table.columns.isDefault, Default, Default, Default,
233,"""space.option.table.columns.action"": ""Action"",",space.option.table.columns.action, Action, Action, Action,
234,"""space.option.table.columns.isActive.active"": ""Active"",",space.option.table.columns.isActive.active, Active, Active, Active,
235,"""space.option.table.columns.isActive.inactive"": ""Inactive"",",space.option.table.columns.isActive.inactive, Inactive, Inactive, Inactive,
236,"""space.option.table.columns.isDefault.text"": ""Default"",",space.option.table.columns.isDefault.text, Default, Default, Default,
237,"""space.object.create.option.title"": ""Create option"",",space.object.create.option.title, Create option, Create option, Create option,
238,"""space.object.update.option.title"": ""Update option"",",space.object.update.option.title, Update option, Update option, Update option,
239,"""space.object.option.create.name"": ""Name"",",space.object.option.create.name, Name, Name, Name,
240,"""space.object.option.create.name.validation"": ""Please enter the space option name!"",",space.object.option.create.name.validation, Please enter the space option name!, Please enter the space option name!, Please enter the space option name!,
241,"""space.object.option.create.title"": ""Title"",",space.object.option.create.title, Title, Title, Title,
242,"""space.object.option.create.title.validation"": ""Please enter the space option title!"",",space.object.option.create.title.validation, Please enter the space option title!, Please enter the space option title!, Please enter the space option title!,
243,"""space.object.option.create.isActive.label"": ""Active"",",space.object.option.create.isActive.label, Active, Active, Active,
244,"""space.object.option.create.isActive.value"": ""is active"",",space.object.option.create.isActive.value, is active, is active, is active,
245,"""space.object.option.create.isDefault.label"": ""Default"",",space.object.option.create.isDefault.label, Default, Default, Default,
246,"""space.object.option.create.isDefault.value"": ""is default"",",space.object.option.create.isDefault.value, is default, is default, is default,
247,"""space.object.option.create.product"": ""Product"",",space.object.option.create.product, Product, Product, Product,
248,"""space.object.option.create.babylonCode"": ""Babylon code"",",space.object.option.create.babylonCode, Babylon code, Babylon code, Babylon code,
249,"""space.object.option.create.babylonParams"": ""Babylon params"",",space.object.option.create.babylonParams, Babylon params, Babylon params, Babylon params,
250,"""space.object.option.create.products"": ""Products"",",space.object.option.create.products, Products, Products, Products,
251,"""space.object.option.assign.success"": ""Option was assigned!"",",space.object.option.assign.success, Option was assigned!, Option was assigned!, Option was assigned!,
252,"""space.object.option.modal.title"": ""Assign option to other space objects"",",space.object.option.modal.title, Assign option to other space objects, Assign option to other space objects, Assign option to other space objects,
253,"""space.object.option.modal.assign"": ""Assign"",",space.object.option.modal.assign, Assign, Assign, Assign,
254,"""space.object.option.modal.table.columns.spaceObject"": ""Object"",",space.object.option.modal.table.columns.spaceObject, Object, Object, Object,
255,"""space.object.option.modal.table.columns.space"": ""Space"",",space.object.option.modal.table.columns.space, Space, Space, Space,
256,"""space.object.option.modal.table.columns.variant"": ""Variant"",",space.object.option.modal.table.columns.variant, Variant, Variant, Variant,
257,"""space.object.option.modal.table.columns.level"": ""Level"",",space.object.option.modal.table.columns.level, Level, Level, Level,
258,"""space.object.option.modal.table.columns.typology"": ""Typology"",",space.object.option.modal.table.columns.typology, Typology, Typology, Typology,
259,"""space.object.option.assign.btn.title"": ""Assign option to another space object"",",space.object.option.assign.btn.title, Assign option to another space object, Assign option to another space object, Assign option to another space object,
260,"""product.title"": ""Products"",",product.title, Products, Products, Products,
261,"""product.create.title.create"": ""Create"",",product.create.title.create, Create, Create, Create,
262,"""product.create.title.update"": ""Update"",",product.create.title.update, Update, Update, Update,
263,"""product.create.success.message"": ""The product was created!"",",product.create.success.message, The product was created!, The product was created!, The product was created!,
264,"""product.bread.root"": ""Products"",",product.bread.root, Products, Products, Products,
265,"""product.create.card.article.info"": ""Article info"",",product.create.card.article.info, Article info, Article info, Article info,
266,"""product.create.card.article.create.btn"": ""Create Article"",",product.create.card.article.create.btn, Create Article, Create Article, Create Article,
267,"""product.create.card.article.category"": ""Article category"",",product.create.card.article.category, Article category, Article category, Article category,
268,"""product.create.card.article.category.validation"": ""Please select the article category!"",",product.create.card.article.category.validation, Please select the article category!, Please select the article category!, Please select the article category!,
269,"""product.create.card.article.item"": ""Article"",",product.create.card.article.item, Article, Article, Article,
270,"""product.create.card.article.item.validation"": ""Please select the article!"",",product.create.card.article.item.validation, Please select the article!, Please select the article!, Please select the article!,
271,"""product.create.card.basic.info"": ""Product info"",",product.create.card.basic.info, Product info, Product info, Product info,
272,"""product.create.card.media"": ""Media"",",product.create.card.media, Media, Media, Media,
273,"""product.create.tabs.product"": ""Products"",",product.create.tabs.product, Products, Products, Products,
274,"""product.create.tabs.article"": ""Article"",",product.create.tabs.article, Article, Article, Article,
275,"""product.create.images"": ""Images"",",product.create.images, Images, Images, Images,
276,"""product.create.texture"": ""Texture"",",product.create.texture, Texture, Texture, Texture,
277,"""product.create.glb.file"": ""3D model"",",product.create.glb.file, 3D model, 3D model, 3D model,
278,"""product.table.columns.article"": ""Article"",",product.table.columns.article, Article, Article, Article,
279,"""product.table.columns.barcode"": ""Barcode"",",product.table.columns.barcode, Barcode, Barcode, Barcode,
280,"""product.table.columns.price"": ""Price"",",product.table.columns.price, Price, Price, Price,
281,"""product.table.columns.isActive"": ""Is active"",",product.table.columns.isActive, Is active, Is active, Is active,
282,"""product.table.columns.isActive.active"": ""Active"",",product.table.columns.isActive.active, Active, Active, Active,
283,"""product.table.columns.isActive.inactive"": ""Inactive"",",product.table.columns.isActive.inactive, Inactive, Inactive, Inactive,
284,"""product.table.columns.action"": ""Action"",",product.table.columns.action, Action, Action, Action,
285,"""product.create.article.info.title"": ""Basic article info"",",product.create.article.info.title, Basic article info, Basic article info, Basic article info,
286,"""product.create.article.info.category.type"": ""Category Type"",",product.create.article.info.category.type, Category Type, Category Type, Category Type,
287,"""product.create.article.info.category"": ""Category"",",product.create.article.info.category, Category, Category, Category,
288,"""product.create.article.info.description"": ""Name"",",product.create.article.info.description, Name, Name, Name,
289,"""product.create.article.card.basic.info"": ""Article info"",",product.create.article.card.basic.info, Article info, Article info, Article info,
290,"""product.create.article.card.media"": ""Media"",",product.create.article.card.media, Media, Media, Media,
291,"""product.create.article.name"": ""Name"",",product.create.article.name, Name, Name, Name,
292,"""product.create.article.name.validation"": ""Please enter the article name!"",",product.create.article.name.validation, Please enter the article name!, Please enter the article name!, Please enter the article name!,
293,"""product.create.article.description"": ""Description"",",product.create.article.description, Description, Description, Description,
294,"""product.create.article.descriptionEn"": ""Description en"",",product.create.article.descriptionEn, Description en, Description en, Description en,
295,"""product.create.article.descriptionFr"": ""Description fr"",",product.create.article.descriptionFr, Description fr, Description fr, Description fr,
296,"""product.create.article.description.validation"": ""Please enter the article description!"",",product.create.article.description.validation, Please enter the article description!, Please enter the article description!, Please enter the article description!,
297,"""product.create.article.images"": ""Images"",",product.create.article.images, Images, Images, Images,
298,"""product.create.article.products.list"": ""Products"",",product.create.article.products.list, Products, Products, Products,
299,"""product.create.card.code"": ""Product #"",",product.create.card.code, Product #, Product #, Product #,
300,"""product.create.card.code.validation"": ""Please enter the product code!"",",product.create.card.code.validation, Please enter the product code!, Please enter the product code!, Please enter the product code!,
301,"""product.create.card.price"": ""Price"",",product.create.card.price, Price, Price, Price,
302,"""product.create.card.price.validation"": ""Please enter the product price!"",",product.create.card.price.validation, Please enter the product price!, Please enter the product price!, Please enter the product price!,
303,"""product.create.card.article.create.title"": ""New article"",",product.create.card.article.create.title, New article, New article, New article,
304,"""product.create.card.article.cancel.btn"": ""Cancel create article"",",product.create.card.article.cancel.btn, Cancel create article, Cancel create article, Cancel create article,
305,"""product.create.card.article.save.btn"": ""Save article"",",product.create.card.article.save.btn, Save article, Save article, Save article,
306,"""product.create.card.article.notification.create"": ""Article was created"",",product.create.card.article.notification.create, Article was created, Article was created, Article was created,
307,"""category.title"": ""Categories"",",category.title, Categories, Categories, Categories,
308,"""category.create.type"": ""Type"",",category.create.type, Type, Type, Type,
309,"""category.create.name"": ""Name"",",category.create.name, Name, Name, Name,
310,"""category.create.name.validation"": ""Please enter the category name!"",",category.create.name.validation, Please enter the category name!, Please enter the category name!, Please enter the category name!,
311,"""category.create.notification.create"": ""The article category was created!"",",category.create.notification.create, The article category was created!, The article category was created!, The article category was created!,
312,"""consumers.title"": ""Consumers"",",consumers.title, Consumers, Consumers, Consumers,
313,"""consumers.bread.root"": ""Consumers"",",consumers.bread.root, Consumers, Consumers, Consumers,
314,"""consumers.table.columns.email"": ""Email"",",consumers.table.columns.email, Email, Email, Email,
315,"""consumers.table.columns.phone"": ""Phone"",",consumers.table.columns.phone, Phone, Phone, Phone,
316,"""consumers.table.columns.name"": ""Name"",",consumers.table.columns.name, Name, Name, Name,
317,"""consumers.table.columns.project"": ""Project"",",consumers.table.columns.project, Project, Project, Project,
318,"""consumers.table.columns.property"": ""Property"",",consumers.table.columns.property, Property, Property, Property,
319,"""consumers.table.columns.isConfirmed"": ""Confirm"",",consumers.table.columns.isConfirmed, Confirm, Confirm, Confirm,
320,"""consumers.table.columns.isConfirmed.confirmed"": ""Confirmed"",",consumers.table.columns.isConfirmed.confirmed, Confirmed, Confirmed, Confirmed,
321,"""consumers.table.columns.isConfirmed.unconfirmed"": ""Unconfirmed"",",consumers.table.columns.isConfirmed.unconfirmed, Unconfirmed, Unconfirmed, Unconfirmed,
322,"""consumers.table.columns.confirmedDate"": ""Confirmation date"",",consumers.table.columns.confirmedDate, Confirmation date, Confirmation date, Confirmation date,
323,"""consumers.table.columns.failedLoginAttempts"": ""Failed login attempts"",",consumers.table.columns.failedLoginAttempts, Failed login attempts, Failed login attempts, Failed login attempts,
324,"""consumers.table.columns.lockedDate"": ""Locked date"",",consumers.table.columns.lockedDate, Locked date, Locked date, Locked date,
325,"""consumers.table.columns.lastLoginDate"": ""Last login date"",",consumers.table.columns.lastLoginDate, Last login date, Last login date, Last login date,
326,"""consumers.table.columns.action"": ""Action"",",consumers.table.columns.action, Action, Action, Action,
327,"""consumers.table.columns.action.resend"": ""Resend"",",consumers.table.columns.action.resend, Resend, Resend, Resend,
328,"""consumers.table.columns.action.resend.title"": ""Resend confirmation email"",",consumers.table.columns.action.resend.title, Resend confirmation email, Resend confirmation email, Resend confirmation email,
329,"""consumers.table.columns.action.resend.success"": ""The confirmation email has been resent"",",consumers.table.columns.action.resend.success, The confirmation email has been resent, The confirmation email has been resent, The confirmation email has been resent,
330,"""consumers.table.columns.manage"": ""manage"",",consumers.table.columns.manage, manage, manage, manage,
331,"""consumers.create.email"": ""Email"",",consumers.create.email, Email, Email, Email,
332,"""consumers.create.phone"": ""Phone"",",consumers.create.phone, Phone, Phone, Phone,
333,"""consumers.create.name"": ""Name"",",consumers.create.name, Name, Name, Name,
334,"""consumers.create.surname"": ""Surname"",",consumers.create.surname, Surname, Surname, Surname,
335,"""consumers.create.isConfirmed.label"": ""Is confirmed"",",consumers.create.isConfirmed.label, Is confirmed, Is confirmed, Is confirmed,
336,"""consumers.create.isConfirmed.value"": ""Confirmed"",",consumers.create.isConfirmed.value, Confirmed, Confirmed, Confirmed,
337,"""consumers.create.isLocked.label"": ""Is locked"",",consumers.create.isLocked.label, Is locked, Is locked, Is locked,
338,"""consumers.create.isLocked.value"": ""Locked"",",consumers.create.isLocked.value, Locked, Locked, Locked,
339,"""consumers.create.title.create"": ""Create consumer"",",consumers.create.title.create, Create consumer, Create consumer, Create consumer,
340,"""consumers.create.title.update"": ""Update consumer"",",consumers.create.title.update, Update consumer, Update consumer, Update consumer,
341,"""consumers.create.add.project"": ""+ Add Project"",",consumers.create.add.project, + Add Project, + Add Project, + Add Project,
342,"""consumers.create.error.no.property"": ""Consumer must have a property"",",consumers.create.error.no.property, Consumer must have a property, Consumer must have a property, Consumer must have a property,
343,"""consumers.locked.error"": ""fermé à clé"",",consumers.locked.error, fermé à clé, fermé à clé, fermé à clé,
344,"""consumers.password.error"": ""passe expiré"",",consumers.password.error, passe expiré, passe expiré, passe expiré,
345,"""consumers.online"": ""Online"",",consumers.online, Online, Online, Online,
346,"""consumers.offline"": ""Offline"",",consumers.offline, Offline, Offline, Offline,
347,"""consumers.desactiveted"": ""Désactiver"",",consumers.desactiveted, Désactiver, Désactiver, Désactiver,
348,"""consumers.choose.project"": ""Choose project"",",consumers.choose.project, Choose project, Choose project, Choose project,
349,"""consumers.choose.property"": ""Choose property"",",consumers.choose.property, Choose property, Choose property, Choose property,
350,"""consumers.manage.tabs.calendar"": ""Calendar and progress"",",consumers.manage.tabs.calendar, Calendar and progress, Calendar and progress, Calendar and progress,
351,"""consumers.manage.tabs.budget"": ""Budget control"",",consumers.manage.tabs.budget, Budget control, Budget control, Budget control,
352,"""consumers.manage.tabs.gallery"": ""Gallery"",",consumers.manage.tabs.gallery, Gallery, Gallery, Gallery,
353,"""consumers.manage.tabs.documents"": ""Documents"",",consumers.manage.tabs.documents, Documents, Documents, Documents,
354,"""consumers.manage.tabs.details.project"": ""Details project"",",consumers.manage.tabs.details.project, Details project, Details project, Details project,
355,"""consumers.modal.cancel.btn"": ""Cancel"",",consumers.modal.cancel.btn, Cancel, Cancel, Cancel,
356,"""consumers.modal.import.btn"": ""Import"",",consumers.modal.import.btn, Import, Import, Import,
357,"""consumers.modal.upload.file.btn"": ""Upload file"",",consumers.modal.upload.file.btn, Upload file, Upload file, Upload file,
358,"""consumers.control.all.projects"": ""All projects"",",consumers.control.all.projects, All projects, All projects, All projects,
359,"""consumers.control.select.ptojects.title"": ""Filter by projects:"",",consumers.control.select.ptojects.title, Filter by projects:, Filter by projects:, Filter by projects:,
360,"""consumers.control.download.template"": ""Download template"",",consumers.control.download.template, Download template, Download template, Download template,
361,"""consumers.control.search.placeholder"": ""search by login or email"",",consumers.control.search.placeholder, search by login or email, search by login or email, search by login or email,
362,"""consumers.notification.property.update"": ""Property was updated"",",consumers.notification.property.update, Property was updated, Property was updated, Property was updated,
363,"""consumers.success.import"": ""Import successful"",",consumers.success.import, Import successful, Import successful, Import successful,
364,"""consumers.create.card.user.lastName"": ""Last name *"",",consumers.create.card.user.lastName, Last name *, Last name *, Last name *,
365,"""consumers.create.card.user.firstName"": ""Name *"",",consumers.create.card.user.firstName, Name *, Name *, Name *,
366,"""consumers.create.card.user.phone"": ""Cell phone *"",",consumers.create.card.user.phone, Cell phone *, Cell phone *, Cell phone *,
367,"""consumers.create.card.user.email"": ""E-mail *"",",consumers.create.card.user.email, E-mail *, E-mail *, E-mail *,
368,"""requests.title"": ""Consumer requests"",",requests.title, Consumer requests, Consumer requests, Consumer requests,
369,"""requests.bread.root"": ""Requests"",",requests.bread.root, Requests, Requests, Requests,
370,"""requests.btn.pdf"": ""Print PDF"",",requests.btn.pdf, Print PDF, Print PDF, Print PDF,
371,"""requests.table.columns.consumer"": ""Consumer"",",requests.table.columns.consumer, Consumer, Consumer, Consumer,
372,"""requests.table.columns.phone"": ""Phone"",",requests.table.columns.phone, Phone, Phone, Phone,
373,"""requests.table.columns.status"": ""Status"",",requests.table.columns.status, Status, Status, Status,
374,"""requests.table.columns.createdDate"": ""Date"",",requests.table.columns.createdDate, Date, Date, Date,
375,"""requests.table.columns.action"": ""Action"",",requests.table.columns.action, Action, Action, Action,
376,"""requests.table.columns.btn.status"": ""Set status"",",requests.table.columns.btn.status, Set status, Set status, Set status,
377,"""requests.nested.table.columns.product"": ""Product"",",requests.nested.table.columns.product, Product, Product, Product,
378,"""requests.nested.table.columns.spaceObject"": ""Object"",",requests.nested.table.columns.spaceObject, Object, Object, Object,
379,"""requests.nested.table.columns.space"": ""Space"",",requests.nested.table.columns.space, Space, Space, Space,
380,"""requests.nested.table.columns.variant"": ""Variant"",",requests.nested.table.columns.variant, Variant, Variant, Variant,
381,"""requests.nested.table.columns.level"": ""Level"",",requests.nested.table.columns.level, Level, Level, Level,
382,"""requests.nested.table.columns.typology"": ""Typology"",",requests.nested.table.columns.typology, Typology, Typology, Typology,
383,"""requests.view.card.info.status"": ""Status"",",requests.view.card.info.status, Status, Status, Status,
384,"""requests.view.card.info.property"": ""Property"",",requests.view.card.info.property, Property, Property, Property,
385,"""requests.view.card.info.property.type"": ""Type"",",requests.view.card.info.property.type, Type, Type, Type,
386,"""requests.view.card.info.typology"": ""Typology"",",requests.view.card.info.typology, Typology, Typology, Typology,
387,"""requests.view.card.options.title"": ""Options"",",requests.view.card.options.title, Options, Options, Options,
388,"""requests.status.confirm.text"": ""Do you want to change the status of the request?"",",requests.status.confirm.text, Do you want to change the status of the request?, Do you want to change the status of the request?, Do you want to change the status of the request?,
389,"""requests.status.updated"": ""Request status changed"",",requests.status.updated, Request status changed, Request status changed, Request status changed,
390,"""calendar.progress.title"": ""Progress"",",calendar.progress.title, Progress, Progress, Progress,
391,"""calendar.calendar.title"": ""Calendar of work done"",",calendar.calendar.title, Calendar of work done, Calendar of work done, Calendar of work done,
392,"""calendar.add.update.btn"": ""SEND"",",calendar.add.update.btn, SEND, SEND, SEND,
393,"""calendar.title"": ""Calendar"",",calendar.title, Calendar, Calendar, Calendar,
394,"""calendar.status.title"": ""STATUS"",",calendar.status.title, STATUS, STATUS, STATUS,
395,"""calendar.data.placeholder"": ""Set deadline"",",calendar.data.placeholder, Set deadline, Set deadline, Set deadline,
396,"""calendar.update.create.notification"": ""Update created"",",calendar.update.create.notification, Update created, Update created, Update created,
397,"""calendar.timeline.update.notification"": ""Timeline was updated"",",calendar.timeline.update.notification, Timeline was updated, Timeline was updated, Timeline was updated,
398,"""calendar.step"": ""STEP"",",calendar.step, STEP, STEP, STEP,
399,"""calendar.indicative.deadline"": ""INDICATIVE DEADLINE"",",calendar.indicative.deadline, INDICATIVE DEADLINE, INDICATIVE DEADLINE, INDICATIVE DEADLINE,
400,"""calendar.no.deadline"": ""No deadline"",",calendar.no.deadline, No deadline, No deadline, No deadline,
401,"""calendar.update.placeholder"": ""Write your update"",",calendar.update.placeholder, Write your update, Write your update, Write your update,
402,"""calendar.update.title"": ""NEW UPDATE FOR"",",calendar.update.title, NEW UPDATE FOR, NEW UPDATE FOR, NEW UPDATE FOR,
403,"""calendar.arrach.file"": ""attach file"",",calendar.arrach.file, attach file, attach file, attach file,
404,"""budget.total.title"": ""Total initial budget"",",budget.total.title, Total initial budget, Total initial budget, Total initial budget,
405,"""budget.price.remaining"": ""Remaining"",",budget.price.remaining, Remaining, Remaining, Remaining,
406,"""budget.price.tospent"": ""To be spent"",",budget.price.tospent, To be spent, To be spent, To be spent,
407,"""budget.price.spent"": ""Spent"",",budget.price.spent, Spent, Spent, Spent,
408,"""budget.table.column.contact"": ""Payment contact"",",budget.table.column.contact, Payment contact, Payment contact, Payment contact,
409,"""budget.table.sum"": ""Sum"",",budget.table.sum, Sum, Sum, Sum,
410,"""budget.table.sum.vat"": ""Sum with VAT"",",budget.table.sum.vat, Sum with VAT, Sum with VAT, Sum with VAT,
411,"""budget.table.date"": ""Payment date"",",budget.table.date, Payment date, Payment date, Payment date,
412,"""budget.table.status"": ""Status"",",budget.table.status, Status, Status, Status,
413,"""budget.table.action"": ""Action"",",budget.table.action, Action, Action, Action,
414,"""budget.table.edit"": ""Edit"",",budget.table.edit, Edit, Edit, Edit,
415,"""budget.table.download"": ""Download"",",budget.table.download, Download, Download, Download,
416,"""budget.table.upload.invoce"": ""+ Upload new invoice"",",budget.table.upload.invoce, + Upload new invoice, + Upload new invoice, + Upload new invoice,
417,"""budget.currency"": ""CHF"",",budget.currency, CHF, CHF, CHF,
418,"""budget.modal.cancel.btn"": ""CANCEL"",",budget.modal.cancel.btn, CANCEL, CANCEL, CANCEL,
419,"""budget.modal.save.btn"": ""SAVE"",",budget.modal.save.btn, SAVE, SAVE, SAVE,
420,"""budget.modal.delete.btn"": ""DELETE"",",budget.modal.delete.btn, DELETE, DELETE, DELETE,
421,"""budget.modal.confirm.delete.message"": ""Are you sure you want to delete invoice №"",",budget.modal.confirm.delete.message, Are you sure you want to delete invoice №, Are you sure you want to delete invoice №, Are you sure you want to delete invoice №,
422,"""budget.modal.confirm.delete.update"": ""Are you sure you want to delete this event?"",",budget.modal.confirm.delete.update, Are you sure you want to delete this event?, Are you sure you want to delete this event?, Are you sure you want to delete this event?,
423,"""budget.modal.delete.success.message"": ""Invoice was deleted"",",budget.modal.delete.success.message, Invoice was deleted, Invoice was deleted, Invoice was deleted,
424,"""budget.modal.update.success"": ""Invoice was updated"",",budget.modal.update.success, Invoice was updated, Invoice was updated, Invoice was updated,
425,"""budget.modal.update.delete.success"": ""Invoice was deleted"",",budget.modal.update.delete.success, Invoice was deleted, Invoice was deleted, Invoice was deleted,
426,"""budget.modal.upload.btn.title"": ""Upload file"",",budget.modal.upload.btn.title, Upload file, Upload file, Upload file,
427,"""budget.error.format.total.number"": ""Total budget must be a number"",",budget.error.format.total.number, Total budget must be a number, Total budget must be a number, Total budget must be a number,
428,"""budget.success.total.update"": ""Total budget was updated"",",budget.success.total.update, Total budget was updated, Total budget was updated, Total budget was updated,
429,"""budget.form.number"": ""Number *"",",budget.form.number, Number *, Number *, Number *,
430,"""budget.form.status"": ""Status *"",",budget.form.status, Status *, Status *, Status *,
431,"""budget.form.payment.contact"": ""Payment Contact *"",",budget.form.payment.contact, Payment Contact *, Payment Contact *, Payment Contact *,
432,"""budget.form.sum"": ""Sum *"",",budget.form.sum, Sum *, Sum *, Sum *,
433,"""budget.form.sum.with.vat"": ""Sum with VAT *"",",budget.form.sum.with.vat, Sum with VAT *, Sum with VAT *, Sum with VAT *,
434,"""budget.form.date"": ""Payment date *"",",budget.form.date, Payment date *, Payment date *, Payment date *,
435,"""budget.form.currentDate"": ""Date *"",",budget.form.currentDate, Date *, Date *, Date *,
436,"""budget.control.filter.status.title"": ""Status"",",budget.control.filter.status.title, Status, Status, Status,
437,"""budget.control.select.all"": ""All statuses"",",budget.control.select.all, All statuses, All statuses, All statuses,
438,"""budget.search.number.placeholder"": ""search by number"",",budget.search.number.placeholder, search by number, search by number, search by number,
439,"""project.details.client.info.title"": ""Client information"",",project.details.client.info.title, Client information, Client information, Client information,
440,"""project.details.client.info.phone"": ""Cell phone"",",project.details.client.info.phone, Cell phone, Cell phone, Cell phone,
441,"""project.details.client.info.email"": ""E-mail"",",project.details.client.info.email, E-mail, E-mail, E-mail,
442,"""project.details.project.title"": ""Project information"",",project.details.project.title, Project information, Project information, Project information,
443,"""project.details.floor.plan"": ""FLOOR PLAN"",",project.details.floor.plan, FLOOR PLAN, FLOOR PLAN, FLOOR PLAN,
444,"""project.details.table.project"": ""Project"",",project.details.table.project, Project, Project, Project,
445,"""project.details.table.property"": ""Property"",",project.details.table.property, Property, Property, Property,
446,"""project.details.table.type"": ""Type"",",project.details.table.type, Type, Type, Type,
447,"""project.details.table.rooms"": ""Pièces"",",project.details.table.rooms, Pièces, Pièces, Pièces,
448,"""project.details.table.price"": ""Prix"",",project.details.table.price, Prix, Prix, Prix,
449,"""project.details.table.orientation"": ""Orientation"",",project.details.table.orientation, Orientation, Orientation, Orientation,
450,"""project.details.table.floor.height"": ""Hauteur de l'étage"",",project.details.table.floor.height, Hauteur de l'étage, Hauteur de l'étage, Hauteur de l'étage,
451,"""project.details.table.total.height"": ""Hauteur totale du bâtiment"",",project.details.table.total.height, Hauteur totale du bâtiment, Hauteur totale du bâtiment, Hauteur totale du bâtiment,
452,"""project.details.table.surface"": ""Surface"",",project.details.table.surface, Surface, Surface, Surface,
453,"""manage.faq.columns.question"": ""Question"",",manage.faq.columns.question, Question, Question, Question,
454,"""manage.faq.columns.topic"": ""Topic"",",manage.faq.columns.topic, Topic, Topic, Topic,
455,"""manage.faq.columns.statuses"": ""Statuses"",",manage.faq.columns.statuses, Statuses, Statuses, Statuses,
456,"""manage.faq.columns.statuses.published"": ""Published"",",manage.faq.columns.statuses.published, Published, Published, Published,
457,"""manage.faq.columns.statuses.draft"": ""Draft"",",manage.faq.columns.statuses.draft, Draft, Draft, Draft,
458,"""manage.faq.select.topic"": ""select topic"",",manage.faq.select.topic, select topic, select topic, select topic,
459,"""manage.faq.unpublish.btn"": ""Unpublish"",",manage.faq.unpublish.btn, Unpublish, Unpublish, Unpublish,
460,"""manage.faq.publish.btn"": ""Publish"",",manage.faq.publish.btn, Publish, Publish, Publish,
461,"""manage.faq.answer"": ""Answer"",",manage.faq.answer, Answer, Answer, Answer,
462,"""manage.modal.confirm.delete.question"": ""Are you sure you want to delete question №"",",manage.modal.confirm.delete.question, Are you sure you want to delete question №, Are you sure you want to delete question №, Are you sure you want to delete question №,
463,"""manage.modal.success.delete.question"": ""Question was deleted"",",manage.modal.success.delete.question, Question was deleted, Question was deleted, Question was deleted,
464,"""manage.control.topics.control.btn"": ""Topics control"",",manage.control.topics.control.btn, Topics control, Topics control, Topics control,
465,"""manage.success.updated.question"": ""Question was updated"",",manage.success.updated.question, Question was updated, Question was updated, Question was updated,
466,"""manage.success.created.question"": ""Question was created"",",manage.success.created.question, Question was created, Question was created, Question was created,
467,"""manage.success.updated.topic"": ""Topic was updated"",",manage.success.updated.topic, Topic was updated, Topic was updated, Topic was updated,
468,"""manage.success.created.topic"": ""Topic was created"",",manage.success.created.topic, Topic was created, Topic was created, Topic was created,
469,"""manage.modal.success.delete.topic"": ""Topic was deleted"",",manage.modal.success.delete.topic, Topic was deleted, Topic was deleted, Topic was deleted,
470,"""manage.modal.confirm.delete.topic"": ""Are you sure you want to delete topic №"",",manage.modal.confirm.delete.topic, Are you sure you want to delete topic №, Are you sure you want to delete topic №, Are you sure you want to delete topic №,
471,"""manage.topic.form.en.title"": ""Topic EN"",",manage.topic.form.en.title, Topic EN, Topic EN, Topic EN,
472,"""manage.topic.form.fr.title"": ""Topic FR"",",manage.topic.form.fr.title, Topic FR, Topic FR, Topic FR,
473,"""manage.topic.update.title"": ""Update topic"",",manage.topic.update.title, Update topic, Update topic, Update topic,
474,"""manage.topic.create.title"": ""Create topic"",",manage.topic.create.title, Create topic, Create topic, Create topic,
475,"""manage.faq.delete.no.items"": ""No items to delete"",",manage.faq.delete.no.items, No items to delete, No items to delete, No items to delete,
476,"""manage.faq.delete.success.questions"": ""Questions was deleted"",",manage.faq.delete.success.questions, Questions was deleted, Questions was deleted, Questions was deleted,
477,"""manage.faq.delete.confirm.warning"": ""This topic has questions, please select other topics for them"",",manage.faq.delete.confirm.warning, This topic has questions, please select other topics for them, This topic has questions, please select other topics for them, This topic has questions, please select other topics for them,
478,"""dashboard.progress.title"": ""Your progress complete on "",",dashboard.progress.title, Your progress complete on , Your progress complete on , Your progress complete on ,
479,"""dashboard.total.budget.title"": ""BUDGET"",",dashboard.total.budget.title, BUDGET, BUDGET, BUDGET,
480,"""gallery.upload.images"": ""+ Upload images"",",gallery.upload.images, + Upload images, + Upload images, + Upload images,
481,"""gallery.modal.upload.btn.title"": ""Upload file"",",gallery.modal.upload.btn.title, Upload file, Upload file, Upload file,
482,"""gallery.form.date"": ""Date *"",",gallery.form.date, Date *, Date *, Date *,
483,"""gallery.modal.cancel.btn"": ""CANCEL"",",gallery.modal.cancel.btn, CANCEL, CANCEL, CANCEL,
484,"""gallery.modal.save.btn"": ""SAVE"",",gallery.modal.save.btn, SAVE, SAVE, SAVE,
485,"""gallery.modal.select.btn"": ""Select"",",gallery.modal.select.btn, Select, Select, Select,
486,"""gallery.modal.delete.btn"": ""DELETE"",",gallery.modal.delete.btn, DELETE, DELETE, DELETE,
487,"""gallery.modal.warning"": ""Are you sure you want to delete this image?"",",gallery.modal.warning, Are you sure you want to delete this image?, Are you sure you want to delete this image?, Are you sure you want to delete this image?,
488,"""gallery.modal.warning.list"": ""Are you sure you want to delete this images?"",",gallery.modal.warning.list, Are you sure you want to delete this images?, Are you sure you want to delete this images?, Are you sure you want to delete this images?,
489,"""gallery.delete.btn"": ""Delete"",",gallery.delete.btn, Delete, Delete, Delete,
490,"""gallery.modal.deleted.images.success.message"": ""Images was deleted"",",gallery.modal.deleted.images.success.message, Images was deleted, Images was deleted, Images was deleted,
491,"""gallery.modal.deleted.success.message"": ""Image was deleted"",",gallery.modal.deleted.success.message, Image was deleted, Image was deleted, Image was deleted,
492,"""gallery.modal.loaded.success.message"": ""Image was loaded"",",gallery.modal.loaded.success.message, Image was loaded, Image was loaded, Image was loaded,
493,"""gallery.modal.updated.success.message"": ""Image was updated"",",gallery.modal.updated.success.message, Image was updated, Image was updated, Image was updated,
494,"""documents.total.title"": ""Number of all documents:"",",documents.total.title, Number of all documents:, Number of all documents:, Number of all documents:,
495,"""documents.signed"": ""Signed documents"",",documents.signed, Signed documents, Signed documents, Signed documents,
496,"""documents.pending"": ""Pending documents"",",documents.pending, Pending documents, Pending documents, Pending documents,
497,"""documents.table.date"": ""Date"",",documents.table.date, Date, Date, Date,
498,"""documents.table.status"": ""Status"",",documents.table.status, Status, Status, Status,
499,"""documents.table.action"": ""Action"",",documents.table.action, Action, Action, Action,
500,"""documents.table.upload.invoce"": ""+ Upload documents"",",documents.table.upload.invoce, + Upload documents, + Upload documents, + Upload documents,
501,"""documents.modal.cancel.btn"": ""CANCEL"",",documents.modal.cancel.btn, CANCEL, CANCEL, CANCEL,
502,"""documents.modal.save.btn"": ""SAVE"",",documents.modal.save.btn, SAVE, SAVE, SAVE,
503,"""documents.modal.upload.btn.title"": ""Upload file"",",documents.modal.upload.btn.title, Upload file, Upload file, Upload file,
504,"""documents.form.name"": ""Name *"",",documents.form.name, Name *, Name *, Name *,
505,"""documents.form.file"": ""Document file*"",",documents.form.file, Document file*, Document file*, Document file*,
506,"""documents.form.description"": ""Description"",",documents.form.description, Description, Description, Description,
507,"""documents.form.status"": ""Status *"",",documents.form.status, Status *, Status *, Status *,
508,"""documents.form.date"": ""Date *"",",documents.form.date, Date *, Date *, Date *,
509,"""documents.control.filter.status.title"": ""Status"",",documents.control.filter.status.title, Status, Status, Status,
510,"""documents.control.select.all"": ""All statuses"",",documents.control.select.all, All statuses, All statuses, All statuses,
511,"""documents.search.name.placeholder"": ""search by name"",",documents.search.name.placeholder, search by name, search by name, search by name,
512,"""documents.table.column.name"": ""Name"",",documents.table.column.name, Name, Name, Name,
513,"""documents.table.column.description"": ""Description"",",documents.table.column.description, Description, Description, Description,
514,"""documents.modal.delete.btn"": ""DELETE"",",documents.modal.delete.btn, DELETE, DELETE, DELETE,
515,"""documents.modal.confirm.delete.message"": ""Are you sure you want to delete document"",",documents.modal.confirm.delete.message, Are you sure you want to delete document, Are you sure you want to delete document, Are you sure you want to delete document,
516,"""documents.modal.delete.success.message"": ""Document was deleted"",",documents.modal.delete.success.message, Document was deleted, Document was deleted, Document was deleted,
517,"""documents.modal.updated.success.message"": ""Document was updated"",",documents.modal.updated.success.message, Document was updated, Document was updated, Document was updated,
518,"""documents.modal.created.success.message"": ""Document was created"",",documents.modal.created.success.message, Document was created, Document was created, Document was created,
519,"""documents.status.pending"": ""pending"",",documents.status.pending, pending, pending, pending,
520,"""documents.status.signed"": ""signed"",",documents.status.signed, signed, signed, signed,
521,"""faq.search.placeholder"": ""Search, find any question you want to ask..."",",faq.search.placeholder, Search, find any question you want to ask..., Search, find any question you want to ask..., Search, find any question you want to ask...,
522,"""faq.topic.support"": ""Can't find the answer to your question? You can write your question to technical support"",",faq.topic.support, Can't find the answer to your question? You can write your question to technical support, Can't find the answer to your question? You can write your question to technical support, Can't find the answer to your question? You can write your question to technical support,
523,"""faq.support.email"": ""support@cmp.com"",",faq.support.email, support@cmp.com, support@cmp.com, support@cmp.com,
524,"""faq.seacrh.title"": ""Searching results"",",faq.seacrh.title, Searching results, Searching results, Searching results,
525,"""faq.no.search.match"": ""Sorry, no search matches. You can write your question to technical support"",",faq.no.search.match, Sorry, no search matches. You can write your question to technical support, Sorry, no search matches. You can write your question to technical support, Sorry, no search matches. You can write your question to technical support,
526,"""register.password.validation.required"": ""Please repeat your password"",",register.password.validation.required, Please repeat your password, Please repeat your password, Please repeat your password,
527,"""register.password.validation.min"": ""Minimum length 6 symbol"",",register.password.validation.min, Minimum length 6 symbol, Minimum length 6 symbol, Minimum length 6 symbol,
528,"""register.password.validation.pattern"": ""Password must include at least 1 number, 1 uppercase letter and 1 lowercase letter"",",register.password.validation.pattern, Password must include at least 1 number, 1 uppercase letter and 1 lowercase letter, Password must include at least 1 number, 1 uppercase letter and 1 lowercase letter, Password must include at least 1 number, 1 uppercase letter and 1 lowercase letter,
529,"""my.profile.success.update"": ""Your profile was updated"",",my.profile.success.update, Your profile was updated, Your profile was updated, Your profile was updated,
530,"""no.property.title"": ""You do not have property, please contact your broker"",",no.property.title, You do not have property, please contact your broker, You do not have property, please contact your broker, You do not have property, please contact your broker,
531,"""property.create.modal.title"": ""Select a project for create new property*"",",property.create.modal.title, Select a project for create new property*, Select a project for create new property*, Select a project for create new property*,
532,"""property.empty.table.placeholder"": ""No data, please, select project"",",property.empty.table.placeholder, No data, please, select project, No data, please, select project, No data, please, select project,
533,"""properties.placeholder.change.project"": ""Project"",",properties.placeholder.change.project, Project, Project, Project,
534,"""properties.label.change.project"": ""Select project"",",properties.label.change.project, Select project, Select project, Select project,
535,"""properties.steps.title"": ""Construction stages"",",properties.steps.title, Construction stages, Construction stages, Construction stages,
536,"""properties.create.copy.to"": ""Copy this stages to"",",properties.create.copy.to, Copy this stages to, Copy this stages to, Copy this stages to,
537,"""properties.length.rule"": ""Length must be less than 40 symbols"",",properties.length.rule, Length must be less than 40 symbols, Length must be less than 40 symbols, Length must be less than 40 symbols,
538,"""properties.cascader.placeholder.nowhere"": ""nowhere"",",properties.cascader.placeholder.nowhere, nowhere, nowhere, nowhere,
539,"""consumers.create.user.payment.street"": ""Street/Number *"",",consumers.create.user.payment.street, Street/Number *, Street/Number *, Street/Number *,
540,"""consumers.create.user.payment.zip"": ""ZIP *"",",consumers.create.user.payment.zip, ZIP *, ZIP *, ZIP *,
541,"""consumers.create.user.payment.city"": ""City *"",",consumers.create.user.payment.city, City *, City *, City *,
542,"""consumers.create.user.payment.state"": ""State"",",consumers.create.user.payment.state, State, State, State,
543,"""consumers.create.user.payment.country"": ""Country *"",",consumers.create.user.payment.country, Country *, Country *, Country *,
544,"""consumers.create.success.notify"": ""Consumer was created"",",consumers.create.success.notify, Consumer was created, Consumer was created, Consumer was created,
545,"""consumers.update.success.notify"": ""Consumer was updated"",",consumers.update.success.notify, Consumer was updated, Consumer was updated, Consumer was updated,
546,"""consumers.not.fill.payment"": ""Please, fill in Payment info"",",consumers.not.fill.payment, Please, fill in Payment info, Please, fill in Payment info, Please, fill in Payment info,
547,"""projects.create.tab.general.info"": ""General Info"",",projects.create.tab.general.info, General Info, General Info, General Info,
548,"""projects.create.tab.payment.info"": ""Payment Info"",",projects.create.tab.payment.info, Payment Info, Payment Info, Payment Info,
